,Product,Code,Price,updated on,Retailer
0,Depilator IPL BEURER IPL 9000+ SalonPro System,375363,1189.00,2018-12-29 20:57:11.818772,Electro.pl
1,Golarka BEURER HL 35,840974,154.12,2018-12-29 20:57:11.818772,Electro.pl
2,Suszarka BEURER HC 60 Czarny,910840,167.90,2018-12-29 20:57:11.818772,Electro.pl
3,Smartband BEURER AS 80 Pomarańczowy,603294,220.05,2018-12-29 20:57:11.818772,Electro.pl
4,Radiobudzik BEURER WL 80,561071,379.99,2018-12-29 20:57:11.818772,Electro.pl
5,Ciśnieniomierz BEURER BM85,268601,345.00,2018-12-29 20:57:11.818772,Electro.pl
6,Ciśnieniomierz BEURER BM 40,1299,119.00,2018-12-29 20:57:11.818772,Electro.pl
7,Ciśnieniomierz BEURER BM 47,476029,149.90,2018-12-29 20:57:11.818772,Electro.pl
8,Ciśnieniomierz BEURER BM 44,62751,139.00,2018-12-29 20:57:11.818772,Electro.pl
9,Ciśnieniomierz BEURER BM95,719511,539.00,2018-12-29 20:57:11.818772,Electro.pl
10,Ciśnieniomierz BEURER BC 40,603286,109.90,2018-12-29 20:57:11.818772,Electro.pl
11,Pulsometr BEURER PM 90,546655,536.13,2018-12-29 20:57:11.818772,Electro.pl
12,Ciśnieniomierz BEURER BC 30,546561,83.90,2018-12-29 20:57:11.818772,Electro.pl
13,Ciśnieniomierz BEURER BC 58,546555,159.90,2018-12-29 20:57:11.818772,Electro.pl
14,Ciśnieniomierz BEURER BM 26,226543,148.82,2018-12-29 20:57:11.818772,Electro.pl
15,Ciśnieniomierz BEURER BM 58,1291,229.99,2018-12-29 20:57:11.818772,Electro.pl
16,Inhalator BEURER IH 26,910814,219.00,2018-12-29 20:57:11.818772,Electro.pl
17,Koc elektryczny BEURER HD 100,548073,399.75,2018-12-29 20:57:11.818772,Electro.pl
18,Koc elektryczny BEURER TS 23,73525,180.34,2018-12-29 20:57:11.818772,Electro.pl
19,Koc elektryczny BEURER TS-19,375243,129.90,2018-12-29 20:57:11.818772,Electro.pl
20,Koc elektryczny BEURER UB 100,841034,399.00,2018-12-29 20:57:11.818772,Electro.pl
21,Koc elektryczny BEURER UB 68 XXL,841030,369.00,2018-12-29 20:57:11.818772,Electro.pl
22,Koc elektryczny BEURER UB 60,841026,239.00,2018-12-29 20:57:11.818772,Electro.pl
23,Masażer antycellulitowy BEURER CM 50,546593,145.00,2018-12-29 20:57:11.818772,Electro.pl
24,Masażer BEURER MG 100,840994,354.29,2018-12-29 20:57:11.818772,Electro.pl
25,Masażer do stóp BEURER FM 60,546619,289.00,2018-12-29 20:57:11.818772,Electro.pl
26,Masażer BEURER MG 70,546595,227.29,2018-12-29 20:57:11.818772,Electro.pl
27,Masażer BEURER MG 80,546607,269.00,2018-12-29 20:57:11.818772,Electro.pl
28,Elektrostymulator mięśni i nerwów BEURER EM 25,476021,120.36,2018-12-29 20:57:11.818772,Electro.pl
29,Masażer do stóp BEURER FB20,229259,159.90,2018-12-29 20:57:11.818772,Electro.pl
30,Elektrostymulator BEURER EM 80,470975,314.99,2018-12-29 20:57:11.818772,Electro.pl
31,Masażer BEURER MG 21,1297,78.90,2018-12-29 20:57:11.818772,Electro.pl
32,Poduszka rozgrzewająca BEURER HK 42 Super-Cosy,910874,138.38,2018-12-29 20:57:11.818772,Electro.pl
33,Masażer do stóp BEURER FB30,719509,183.81,2018-12-29 20:57:11.818772,Electro.pl
34,Poduszka rozgrzewająca BEURER HK 115 COSY,546575,169.90,2018-12-29 20:57:11.818772,Electro.pl
35,Mata masująca BEURER MG 254,680292,579.00,2018-12-29 20:57:11.818772,Electro.pl
36,Nawilżacz BEURER LB 88,600769,359.00,2018-12-29 20:57:11.818772,Electro.pl
37,Nawilżacz ultradźwiękowy BEURER LB 12,841012,148.77,2018-12-29 20:57:11.818772,Electro.pl
38,Nawilżacz ultradźwiękowy BEURER LB88,230247,352.40,2018-12-29 20:57:11.818772,Electro.pl
39,Nawilżacz BEURER LB44,230245,229.27,2018-12-29 20:57:11.818772,Electro.pl
40,Oczyszczacz BEURER LR 300,661942,681.99,2018-12-29 20:57:11.818772,Electro.pl
41,Oczyszczacz BEURER LW 110 B z funkcją nawilżania,230271,719.90,2018-12-29 20:57:11.818772,Electro.pl
42,Oczyszczacz BEURER LW 220 z funkcją nawilżania,655324,729.00,2018-12-29 20:57:11.818772,Electro.pl
43,Poduszka elektryczna BEURER HK comfort,116971,103.31,2018-12-29 20:57:11.818772,Electro.pl
44,Poduszka rozgrzewająca BEURER HK 49,841016,176.90,2018-12-29 20:57:11.818772,Electro.pl
45,Poduszka rozgrzewająca BEURER HK 72,841018,303.21,2018-12-29 20:57:11.818772,Electro.pl
46,Stacja pogody BEURER HM 16 Biały,230249,59.90,2018-12-29 20:57:11.818772,Electro.pl
47,Waga dziecięca BEURER BY80,539461,198.42,2018-12-29 20:57:11.818772,Electro.pl
48,Waga BEURER KS 59 XL,476031,141.19,2018-12-29 20:57:11.818772,Electro.pl
49,Waga BEURER KS 52,564061,129.90,2018-12-29 20:57:11.818772,Electro.pl
50,Waga BEURER KS 36,527195,116.36,2018-12-29 20:57:11.818772,Electro.pl
51,Waga BEURER KS 19 Breakfast,841058,61.76,2018-12-29 20:57:11.818772,Electro.pl
52,Waga BEURER KS 19 Lemon,564053,65.00,2018-12-29 20:57:11.818772,Electro.pl
53,Waga BEURER KS 19 Black,468255,62.39,2018-12-29 20:57:11.818772,Electro.pl
54,Waga BEURER KS 19 Sequence,327275,55.40,2018-12-29 20:57:11.818772,Electro.pl
55,Waga BEURER KS 19 Fresh,225111,65.00,2018-12-29 20:57:11.818772,Electro.pl
56,Waga BEURER KS 19 Berry,224454,65.00,2018-12-29 20:57:11.818772,Electro.pl
57,Waga BEURER BG 55,564117,329.99,2018-12-29 20:57:11.818772,Electro.pl
58,Waga BEURER BG 13,64583,109.00,2018-12-29 20:57:11.818772,Electro.pl
59,Waga BEURER BG 21,481179,117.00,2018-12-29 20:57:11.818772,Electro.pl
60,Waga BEURER BF800 Czarny,268599,376.40,2018-12-29 20:57:11.818772,Electro.pl
61,Waga BEURER BF195,765317,109.90,2018-12-29 20:57:11.818772,Electro.pl
62,Waga BEURER BF 220,564109,109.99,2018-12-29 20:57:11.818772,Electro.pl
63,Waga BEURER PS 240,538553,101.41,2018-12-29 20:57:11.818772,Electro.pl
64,Waga BEURER BG 51XXL,564115,179.00,2018-12-29 20:57:11.818772,Electro.pl
65,Waga BEURER BG 39,64473,129.00,2018-12-29 20:57:11.818772,Electro.pl
66,Waga BEURER BG 40,468245,185.00,2018-12-29 20:57:11.818772,Electro.pl
67,Waga BEURER BF 700,470977,197.00,2018-12-29 20:57:11.818772,Electro.pl
68,Waga BEURER PS 160,564071,76.83,2018-12-29 20:57:11.818772,Electro.pl
69,Waga BEURER GS 11,64521,74.90,2018-12-29 20:57:11.818772,Electro.pl
70,Waga BEURER GS 485,564103,140.25,2018-12-29 20:57:11.818772,Electro.pl
71,Waga BEURER GS 420 Tara,564101,144.99,2018-12-29 20:57:11.818772,Electro.pl
72,Waga BEURER GS 200 Allium,564087,67.10,2018-12-29 20:57:11.818772,Electro.pl
73,Waga BEURER PS890,563465,247.27,2018-12-29 20:57:11.818772,Electro.pl
74,Waga BEURER GS 203 New York,561045,69.15,2018-12-29 20:57:11.818772,Electro.pl
75,Waga BEURER BF800 Biały,268597,316.37,2018-12-29 20:57:11.818772,Electro.pl
76,Laktator elektryczny BEURER BY60,719549,456.58,2018-12-29 20:57:11.818772,Electro.pl
77,Laktator elektryczny BEURER BY40,719547,265.68,2018-12-29 20:57:11.818772,Electro.pl
78,Sterylizator BEURER BY76,539255,176.59,2018-12-29 20:57:11.818772,Electro.pl
79,Aromatyzer BEURER LA 30,546603,136.79,2018-12-29 20:57:11.818772,Electro.pl
80,Niania elektroniczna BEURER BY88 Smart,719545,429.00,2018-12-29 20:57:11.818772,Electro.pl
81,Niania elektroniczna BEURER BY99 Dual,719543,652.99,2018-12-29 20:57:11.818772,Electro.pl
82,Olejek do nawilżacza BEURER Harmony (10 ml),546589,44.90,2018-12-29 20:57:11.818772,Electro.pl
83,Zestaw do pielęgnacji paznokci BEURER MP18,910826,79.99,2018-12-29 20:57:11.818772,Electro.pl
84,Pilnik elektryczny do stóp BEURER MP26,546563,99.00,2018-12-29 20:57:11.818772,Electro.pl
85,Inhalator BEURER IH 40,546627,239.00,2018-12-29 20:57:11.818772,Electro.pl
86,Inhalator BEURER IH 21,840952,149.49,2018-12-29 20:57:11.818772,Electro.pl
87,Lampa na podczerwień BEURER IL 21,840934,118.72,2018-12-29 20:57:11.818772,Electro.pl
88,Lampa antydepresyjna BEURER TL30,476025,219.00,2018-12-29 20:57:11.818772,Electro.pl
89,Lampa na podczerwień BEURER IL 50,546629,273.79,2018-12-29 20:57:11.818772,Electro.pl
90,Lampa antydepresyjna BEURER TL90,476023,514.90,2018-12-29 20:57:11.818772,Electro.pl
91,Frezarka do stóp BEURER MP 55,910830,199.99,2018-12-29 20:57:11.818772,Electro.pl
92,Zestaw do pielęgnacji paznokci BEURER MP 60 + końcówki,840960,259.00,2018-12-29 20:57:11.818772,Electro.pl
93,Urządzenie do mikrodermabrazji BEURER FC 100,476019,597.00,2018-12-29 20:57:11.818772,Electro.pl
94,Waga bagażowa BEURER LS 10,468253,89.99,2018-12-29 20:57:11.818772,Electro.pl
95,Waga bagażowa BEURER LS 06,224779,50.00,2018-12-29 20:57:11.818772,Electro.pl
96,Pulsoksymetr BEURER PO 30,546659,209.99,2018-12-29 20:57:11.818772,Electro.pl
97,Termometr BEURER FT 65,223842,109.90,2018-12-29 20:57:11.818772,Electro.pl
98,Termometr BEURER FT 90,230255,146.80,2018-12-29 20:57:11.818772,Electro.pl
99,Termometr BEURER FT 09,560267,15.90,2018-12-29 20:57:11.818772,Electro.pl
100,Termometr BEURER FT 78,840932,119.55,2018-12-29 20:57:11.818772,Electro.pl
101,Termometr BEURER FT 15,840930,25.90,2018-12-29 20:57:11.818772,Electro.pl
102,Termometr BEURER FT58,719513,93.90,2018-12-29 20:57:11.818772,Electro.pl
103,Termometr BEURER BY 11 Małpka,539451,34.99,2018-12-29 20:57:11.818772,Electro.pl
104,Urządzenie zapobiegające chrapaniu BEURER SL 70,907914,589.00,2018-12-29 20:57:11.818772,Electro.pl
105,Lusterko kosmetyczne BEURER BS 89,646222,276.63,2018-12-29 20:57:11.818772,Electro.pl
106,Lusterko kosmetyczne BEURER BS 55,910824,167.90,2018-12-29 20:57:11.818772,Electro.pl
107,Olejek do nawilżacza BEURER Vitality 10 ml,841010,39.00,2018-12-29 20:57:11.818772,Electro.pl
108,Ciśnieniomierz BEURER BC 32,1289,84.90,2018-12-29 20:57:11.818772,Electro.pl
109,Ciśnieniomierz BEURER BM 49,476089,147.00,2018-12-29 20:57:11.818772,Electro.pl
110,Zestaw do manicure BEURER MP62,555051,237.80,2018-12-29 20:57:11.818772,Electro.pl
111,Urządzenie do mikrodermabrazji BEURER FC76,680306,209.00,2018-12-29 20:57:11.818772,Electro.pl
112,Masażer do stóp BEURER FB 50,546613,399.00,2018-12-29 20:57:11.818772,Electro.pl
113,Mata masująca BEURER MG 205,680294,349.00,2018-12-29 20:57:11.818772,Electro.pl
114,Masażer BEURER FM 150,910850,487.67,2018-12-29 20:57:11.818772,Electro.pl
115,Wkład rozgrzewający do łóżka BEURER UB 53,546577,225.00,2018-12-29 20:57:11.818772,Electro.pl
116,Mata masująca BEURER MG 260,230269,692.40,2018-12-29 20:57:11.818772,Electro.pl
117,Lusterko kosmetyczne BEURER BS 59,230263,147.00,2018-12-29 20:57:11.818772,Electro.pl
118,Waga łazienkowa BEURER BF 105,910900,696.00,2018-12-29 20:57:11.818772,Electro.pl
119,Nawilżacz BEURER LB 37,852106,259.41,2018-12-29 20:57:11.818772,Electro.pl
120,Radiobudzik BEURER WL 90 Biało-srebrny,840948,455.22,2018-12-29 20:57:11.818772,Electro.pl
121,Waga łazienkowa BEURER BF 180,1130493,118.00,2018-12-29 20:57:11.818772,Electro.pl
122,Termometr BEURER FT 100,910806,275.00,2018-12-29 20:57:11.818772,Electro.pl
123,But rozgrzewający BEURER FWM 45,910886,187.58,2018-12-29 20:57:11.818772,Electro.pl
124,Lokówko-prostownica BEURER HT 60,840988,128.90,2018-12-29 20:57:11.818772,Electro.pl
125,Suszarka BEURER HC25,719505,75.90,2018-12-29 20:57:11.818772,Electro.pl
126,Suszarka BEURER HC 80,840980,169.86,2018-12-29 20:57:11.818772,Electro.pl
127,Suszarka BEURER HC50,719507,113.80,2018-12-29 20:57:11.818772,Electro.pl
128,Suszarko-lokówka BEURER HT 50,840986,95.90,2018-12-29 20:57:11.818772,Electro.pl
129,Smartband BEURER AS 81 Biały,841038,239.00,2018-12-29 20:57:11.818772,Electro.pl
130,Smartband BEURER AS 81 Fioletowy,841044,232.84,2018-12-29 20:57:11.818772,Electro.pl
131,Smartband BEURER AS 81 Turkusowy,841042,259.00,2018-12-29 20:57:11.818772,Electro.pl
132,Smartband BEURER AS 81 Różowy,841040,232.84,2018-12-29 20:57:11.818772,Electro.pl
133,Smartband BEURER AS 80 Fioletowy,841036,229.00,2018-12-29 20:57:11.818772,Electro.pl
134,Smartband BEURER AS 80 Turkusowy,603296,259.99,2018-12-29 20:57:11.818772,Electro.pl
135,Smartband BEURER AS 80 Zielony,603292,229.99,2018-12-29 20:57:11.818772,Electro.pl
136,Smartband BEURER AS 80 Czarny,546665,220.05,2018-12-29 20:57:11.818772,Electro.pl
137,Prostownica BEURER HS 80,840984,190.44,2018-12-29 20:57:11.818772,Electro.pl
138,Prostownica BEURER HS 40,840982,108.83,2018-12-29 20:57:11.818772,Electro.pl
139,Prostownica BEURER HS30,719503,84.00,2018-12-29 20:57:11.818772,Electro.pl
140,Radiobudzik BEURER WL 75,910812,499.99,2018-12-29 20:57:11.818772,Electro.pl
141,Ciśnieniomierz BEURER BC 44,91331,129.90,2018-12-29 20:57:11.818772,Electro.pl
142,Ciśnieniomierz BEURER BM 28,840916,130.96,2018-12-29 20:57:11.818772,Electro.pl
143,Ciśnieniomierz BEURER BM 45,910800,140.18,2018-12-29 20:57:11.818772,Electro.pl
144,Pulsometr BEURER PM 25,546663,159.04,2018-12-29 20:57:11.818772,Electro.pl
145,Ciśnieniomierz BEURER BM 27,910798,149.90,2018-12-29 20:57:11.818772,Electro.pl
146,Pulsoksymetr BEURER PO 60,840922,289.00,2018-12-29 20:57:11.818772,Electro.pl
147,Ciśnieniomierz BEURER BM 57,840918,249.99,2018-12-29 20:57:11.818772,Electro.pl
148,Ciśnieniomierz BEURER BC 57,840914,189.90,2018-12-29 20:57:11.818772,Electro.pl
149,Ciśnieniomierz BEURER BM 35,560513,133.26,2018-12-29 20:57:11.818772,Electro.pl
150,Ciśnieniomierz BEURER BM 40,546553,189.00,2018-12-29 20:57:11.818772,Electro.pl
151,Pulsometr BEURER PM 70,468237,428.66,2018-12-29 20:57:11.818772,Electro.pl
152,Koc elektryczny BEURER UB 90,841032,319.00,2018-12-29 20:57:11.818772,Electro.pl
153,Koc elektryczny BEURER UB 30,841024,165.93,2018-12-29 20:57:11.818772,Electro.pl
154,Koc elektryczny BEURER TS-20,841022,159.90,2018-12-29 20:57:11.818772,Electro.pl
155,Koc elektryczny BEURER HD 50,586845,215.13,2018-12-29 20:57:11.818772,Electro.pl
156,Mata masująca BEURER MG 300,546567,943.29,2018-12-29 20:57:11.818772,Electro.pl
157,Masażer do stóp BEURER FB35,546621,190.53,2018-12-29 20:57:11.818772,Electro.pl
158,Mata masująca BEURER MG 206,841004,349.00,2018-12-29 20:57:11.818772,Electro.pl
159,Poduszka rozgrzewjąca BEURER HK 55,574575,249.00,2018-12-29 20:57:11.818772,Electro.pl
160,Elektrostymulator mięśni i nerwów BEURER EM 20 SIXPACK,546597,90.90,2018-12-29 20:57:11.818772,Electro.pl
161,But rozgrzewający BEURER FWM 50,841020,200.27,2018-12-29 20:57:11.818772,Electro.pl
162,Elektrostymulator BEURER EM 38,546605,139.90,2018-12-29 20:57:11.818772,Electro.pl
163,Koc elektryczny BEURER UB 65,910884,293.00,2018-12-29 20:57:11.818772,Electro.pl
164,Poduszka rozgrzewająca BEURER HK 47 To Go,910878,232.62,2018-12-29 20:57:11.818772,Electro.pl
165,Poduszka rozgrzewająca BEURER HK 44,910876,151.92,2018-12-29 20:57:11.818772,Electro.pl
166,Masażer BEURER MG 510,910844,469.99,2018-12-29 20:57:11.818772,Electro.pl
167,Mata masująca BEURER MG 295 Kremowy,841008,1019.99,2018-12-29 20:57:11.818772,Electro.pl
168,Mata masująca BEURER MG 295 Czarny,841006,887.20,2018-12-29 20:57:11.818772,Electro.pl
169,Poduszka rozgrzewająca BEURER HK 48 Cosy,602325,159.00,2018-12-29 20:57:11.818772,Electro.pl
170,Wkład rozgrzewający do łóżka BEURER UB 56 XXL,602321,346.00,2018-12-29 20:57:11.818772,Electro.pl
171,Wkład rozgrzewający do łóżka BEURER UB 33,602319,229.99,2018-12-29 20:57:11.818772,Electro.pl
172,Poduszka rozgrzewająca BEURER HK 58,597425,179.00,2018-12-29 20:57:11.818772,Electro.pl
173,Poduszka rozgrzewająca BEURER HK 125 Cosy,586847,218.99,2018-12-29 20:57:11.818772,Electro.pl
174,Poduszka rozgrzewająca BEURER HK 54,586843,199.00,2018-12-29 20:57:11.818772,Electro.pl
175,Masażer do karku BEURER MG 148,548077,229.00,2018-12-29 20:57:11.818772,Electro.pl
176,Poduszka do masażu BEURER MG 145,548075,199.90,2018-12-29 20:57:11.818772,Electro.pl
177,Masażer mini BEURER MG 17,546617,66.90,2018-12-29 20:57:11.818772,Electro.pl
178,Masażer mini BEURER MG 16 Zielony,546615,52.90,2018-12-29 20:57:11.818772,Electro.pl
179,Masażer do stóp BEURER FB 12,546609,126.57,2018-12-29 20:57:11.818772,Electro.pl
180,Wkład rozgrzewający do łóżka BEURER TS 26,546581,242.00,2018-12-29 20:57:11.818772,Electro.pl
181,Wkład rozgrzewający do łóżka BEURER UB 86XXL,546579,559.00,2018-12-29 20:57:11.818772,Electro.pl
182,Wkład rozgrzewający do łóżka BEURER UB 83,546573,329.00,2018-12-29 20:57:11.818772,Electro.pl
183,Koc elektryczny BEURER HD 90,546571,331.24,2018-12-29 20:57:11.818772,Electro.pl
184,Poduszka rozgrzewająca BEURER HK 35,546569,124.60,2018-12-29 20:57:11.818772,Electro.pl
185,Nawilżacz ultradźwiękowy BEURER LB 37 Biały,910860,259.41,2018-12-29 20:57:11.818772,Electro.pl
186,Nawilżacz BEURER LB 50,538545,389.00,2018-12-29 20:57:11.818772,Electro.pl
187,Oczyszczacz BEURER LR 330 z funkcją nawilżania,661944,820.29,2018-12-29 20:57:11.818772,Electro.pl
188,Oczyszczacz BEURER LW 220 z funkcją nawilżania,655326,729.00,2018-12-29 20:57:11.818772,Electro.pl
189,Waga BEURER DS 61,230259,164.99,2018-12-29 20:57:11.818772,Electro.pl
190,Waga BEURER KS 51,564059,105.00,2018-12-29 20:57:11.818772,Electro.pl
191,Waga BEURER KS 25,165799,79.99,2018-12-29 20:57:11.818772,Electro.pl
192,Waga BEURER KS 19 Ice Cream,841056,58.64,2018-12-29 20:57:11.818772,Electro.pl
193,Waga BEURER BF 750,560451,225.00,2018-12-29 20:57:11.818772,Electro.pl
194,Waga BEURER BF 710 BT Body Shape,841066,215.13,2018-12-29 20:57:11.818772,Electro.pl
195,Waga łazienkowa BEURER GS 203 Kamienie,910896,77.90,2018-12-29 20:57:11.818772,Electro.pl
196,Waga BEURER GS300 Turkusowy,765311,119.99,2018-12-29 20:57:11.818772,Electro.pl
197,Waga BEURER GS 205 Sequence,564089,90.32,2018-12-29 20:57:11.818772,Electro.pl
198,Waga BEURER BF 710,910904,314.99,2018-12-29 20:57:11.818772,Electro.pl
199,Waga łazienkowa BEURER GS 203 Paris,910894,99.90,2018-12-29 20:57:11.818772,Electro.pl
200,Waga BEURER GS300 Czarny,765307,108.86,2018-12-29 20:57:11.818772,Electro.pl
201,Waga BEURER BG 42,564113,199.99,2018-12-29 20:57:11.818772,Electro.pl
202,Waga BEURER GS 207 Spring,564091,79.96,2018-12-29 20:57:11.818772,Electro.pl
203,Waga BEURER GS 14,564075,79.90,2018-12-29 20:57:11.818772,Electro.pl
204,Waga BEURER PS 25,564069,127.40,2018-12-29 20:57:11.818772,Electro.pl
205,Waga BEURER MS 50,564067,143.30,2018-12-29 20:57:11.818772,Electro.pl
206,Waga BEURER GS 203 London,562397,80.36,2018-12-29 20:57:11.818772,Electro.pl
207,Waga BEURER GS 209 Beauty,538555,73.55,2018-12-29 20:57:11.818772,Electro.pl
208,Waga BEURER GS 10,375235,79.00,2018-12-29 20:57:11.818772,Electro.pl
209,Waga BEURER GS 201 Soda,230261,64.60,2018-12-29 20:57:11.818772,Electro.pl
210,Waga BEURER BG 17,94343,119.00,2018-12-29 20:57:11.818772,Electro.pl
211,Podgrzewacz do butelek BEURER BY52,539253,119.99,2018-12-29 20:57:11.818772,Electro.pl
212,Niania elektroniczna BEURER BY84,539447,230.33,2018-12-29 20:57:11.818772,Electro.pl
213,Niania elektroniczna BEURER BY33,539443,194.31,2018-12-29 20:57:11.818772,Electro.pl
214,Termometr BEURER BY 20,539455,39.99,2018-12-29 20:57:11.818772,Electro.pl
215,Olejek do nawilżacza BEURER Relax (10 ml),546591,45.99,2018-12-29 20:57:11.818772,Electro.pl
216,Szczoteczka do twarzy BEURER FC65,680308,183.00,2018-12-29 20:57:11.818772,Electro.pl
217,Pulsometr BEURER PM 45,546653,239.00,2018-12-29 20:57:11.818772,Electro.pl
218,Pulsometr BEURER PM 18,546651,182.66,2018-12-29 20:57:11.818772,Electro.pl
219,Lampa na podczerwień BEURER IL 11,589153,81.50,2018-12-29 20:57:11.818772,Electro.pl
220,Lampa UV BEURER MP 38,840966,179.90,2018-12-29 20:57:11.818772,Electro.pl
221,Lampa UV BEURER MP 58,840968,319.00,2018-12-29 20:57:11.818772,Electro.pl
222,Zestaw do pielęgnacji paznokci BEURER MP 100,840964,515.00,2018-12-29 20:57:11.818772,Electro.pl
223,Lusterko kosmetyczne BEURER BS 69,130679,226.90,2018-12-29 20:57:11.818772,Electro.pl
224,Pulsoksymetr BEURER PO 80,546661,429.00,2018-12-29 20:57:11.818772,Electro.pl
225,Pulsometr BEURER PM 62,470973,296.80,2018-12-29 20:57:11.818772,Electro.pl
226,Termometr BEURER FT09/1,840928,19.99,2018-12-29 20:57:11.818772,Electro.pl
227,Termometr BEURER BY11 Piesek,539453,34.99,2018-12-29 20:57:11.818772,Electro.pl
228,Termometr BEURER BY 11 Żabka,539449,34.99,2018-12-29 20:57:11.818772,Electro.pl
229,Aparat do poprawy słuchu BEURER HA 50 Medical,840926,137.90,2018-12-29 20:57:11.818772,Electro.pl
230,Aparat do poprawy słuchu BEURER HA 20 Medical,840924,89.99,2018-12-29 20:57:11.818772,Electro.pl
231,Wanienka do parafiny BEURER MP 70,840970,367.00,2018-12-29 20:57:11.818772,Electro.pl
232,Ciśnieniomierz BEURER BC 28,910794,85.52,2018-12-29 20:57:11.818772,Electro.pl
233,Krokomierz BEURER 2D Speedbox II,603298,327.77,2018-12-29 20:57:11.818772,Electro.pl
234,Lampa antydepresyjna BEURER TL 55,910810,519.00,2018-12-29 20:57:11.818772,Electro.pl
235,Lokówka BEURER HT 55,910842,139.36,2018-12-29 20:57:11.818772,Electro.pl
236,Masażer BEURER MG 55,230265,159.00,2018-12-29 20:57:11.818772,Electro.pl
237,Poduszka rozgrzewająca BEURER HK 57 To Go,910880,239.59,2018-12-29 20:57:11.818772,Electro.pl
238,Elektrostymulator mięśni i nerwów BEURER EM 20 Neck,680298,79.51,2018-12-29 20:57:11.818772,Electro.pl
239,Zestaw do manicure i pedicure BEURER MP 41,224354,141.33,2018-12-29 20:57:11.818772,Electro.pl
240,Waga kuchenna BEURER KS 33,910890,92.90,2018-12-29 20:57:11.818772,Electro.pl
241,Waga BEURER MS 01,564065,61.90,2018-12-29 20:57:11.818772,Electro.pl
242,Waga łazienkowa BEURER GS 203 Drewno,910898,101.99,2018-12-29 20:57:11.818772,Electro.pl
243,Waga BEURER GS300 Koralowy,765309,169.99,2018-12-29 20:57:11.818772,Electro.pl
244,Radiobudzik BEURER WL 70 Biały,840946,332.99,2018-12-29 20:57:11.818772,Electro.pl
245,Ciśnieniomierz BEURER BC 80,603288,212.54,2018-12-29 20:57:11.818772,Electro.pl
246,Lampa na podczerwień BEURER IL 35,910808,162.64,2018-12-29 20:57:11.818772,Electro.pl
247,Depilator BEURER HL 40,840976,159.00,2018-12-29 20:57:11.818772,Electro.pl
248,Waga bagażowa BEURER LS 50,910906,154.05,2018-12-29 20:57:11.818772,Electro.pl
249,Lampa antydepresyjna BEURER TL 50,840940,362.18,2018-12-29 20:57:11.818772,Electro.pl
250,Lampa antydepresyjna BEURER TL 100,840944,588.00,2018-12-29 20:57:11.818772,Electro.pl
